<?xml version="1.0" encoding="UTF-8"?>
<!--
Click nbfs://nbhost/SystemFileSystem/Templates/Licenses/license-default.txt to change this license
Click nbfs://nbhost/SystemFileSystem/Templates/XML/XMLDocument.xml to edit this template
-->


<!DOCTYPE tiles-definitions PUBLIC "-//Apache
Software Foundation//DTD Tiles Configuration 3.0//EN"
"http://tiles.apache.org/dtds/tiles-config_3_0.dtd">

<tiles-definitions>
    <definition name="baseLayout" template="/WEB-INF/layout/base.jsp">
        <put-attribute name="title" value="..."/>
        <put-attribute name="header" value="/WEB-INF/layout/header.jsp"/>
        <put-attribute name="footer" value="/WEB-INF/layout/footer.jsp"/>
        <put-attribute name="content" value="BASE"/>
    </definition>
    <definition name="index" extends="baseLayout">
        <put-attribute name="title" value="Trang chủ"/>
        <put-attribute name="content" value="/WEB-INF/pages/index.jsp"/>
    </definition>
    <definition name="product-detail" extends="baseLayout">
        <put-attribute name="title" value="Chi tiết sản phẩm"/>
        <put-attribute name="content" value="/WEB-INF/pages/product-detail.jsp"/>
    </definition>
    <definition name="product" extends="baseLayout">
        <put-attribute name="title" value="Chi tiết sản phẩm"/>
        <put-attribute name="content" value="/WEB-INF/pages/product.jsp"/>
    </definition>
    <definition name="cart" extends="baseLayout">
        <put-attribute name="title" value="Chi tiết sản phẩm"/>
        <put-attribute name="content" value="/WEB-INF/pages/cart.jsp"/>
    </definition>
</tiles-definitions>